CustomerId,AccountId,PrimaryContactId,CardNumber,RegistrationChannel,RegistrationDate,Status
CU000001,AC00349,CO000611,9935241284670,InStore,<bound method Timestamp.date of Timestamp('2023-12-09 00:00:00')>,Active
CU000002,AC00384,CO000269,9641032273620,InStore,<bound method Timestamp.date of Timestamp('2025-08-12 00:00:00')>,Active
CU000003,AC00451,CO000676,9259977811147,SalesRep,<bound method Timestamp.date of Timestamp('2024-02-07 00:00:00')>,Active
CU000004,AC00195,CO000876,9681823457447,InStore,<bound method Timestamp.date of Timestamp('2024-05-07 00:00:00')>,Active
CU000005,AC00140,CO000861,9994832720715,InStore,<bound method Timestamp.date of Timestamp('2025-02-24 00:00:00')>,Active
CU000006,AC00016,CO000054,9638409847693,Online,<bound method Timestamp.date of Timestamp('2024-08-19 00:00:00')>,Active
CU000007,AC00254,CO000031,9542144595162,InStore,<bound method Timestamp.date of Timestamp('2024-08-27 00:00:00')>,Active
CU000008,AC00292,CO000898,9117941407087,SalesRep,<bound method Timestamp.date of Timestamp('2025-08-22 00:00:00')>,Active
CU000009,AC00228,CO000164,9513031811649,SalesRep,<bound method Timestamp.date of Timestamp('2023-08-04 00:00:00')>,Active
CU000010,AC00086,CO000259,9724517139236,InStore,<bound method Timestamp.date of Timestamp('2023-10-15 00:00:00')>,Active
CU000011,AC00187,CO000194,9679972874142,InStore,<bound method Timestamp.date of Timestamp('2023-02-15 00:00:00')>,Active
CU000012,AC00088,CO000297,9109112591386,Online,<bound method Timestamp.date of Timestamp('2025-07-05 00:00:00')>,Active
CU000013,AC00217,CO000911,9708537368434,InStore,<bound method Timestamp.date of Timestamp('2022-08-05 00:00:00')>,Active
CU000014,AC00371,CO000807,9184349542184,InStore,<bound method Timestamp.date of Timestamp('2025-06-04 00:00:00')>,Active
CU000015,AC00437,CO000298,9182083802812,Online,<bound method Timestamp.date of Timestamp('2022-03-26 00:00:00')>,Active
CU000016,AC00007,CO000249,9331196706907,InStore,<bound method Timestamp.date of Timestamp('2023-04-18 00:00:00')>,Active
CU000017,AC00002,CO000147,9250822784421,Online,<bound method Timestamp.date of Timestamp('2024-02-21 00:00:00')>,Active
CU000018,AC00548,CO000176,9449765191491,Online,<bound method Timestamp.date of Timestamp('2023-03-30 00:00:00')>,Active
CU000019,AC00253,CO000995,9816762966717,InStore,<bound method Timestamp.date of Timestamp('2023-04-01 00:00:00')>,Active
CU000020,AC00022,CO000913,9951292788278,SalesRep,<bound method Timestamp.date of Timestamp('2023-11-26 00:00:00')>,Active
CU000021,AC00179,CO000362,9862942751553,Online,<bound method Timestamp.date of Timestamp('2022-03-11 00:00:00')>,Active
CU000022,AC00323,CO000597,9151865650471,SalesRep,<bound method Timestamp.date of Timestamp('2022-05-02 00:00:00')>,Active
CU000023,AC00314,CO000598,9761460469188,InStore,<bound method Timestamp.date of Timestamp('2024-08-26 00:00:00')>,Active
CU000024,AC00445,CO000340,9455977740144,InStore,<bound method Timestamp.date of Timestamp('2024-04-03 00:00:00')>,Active
CU000025,AC00579,CO000642,9510133994150,Online,<bound method Timestamp.date of Timestamp('2023-02-08 00:00:00')>,Suspended
CU000026,AC00343,CO000232,9360136531203,InStore,<bound method Timestamp.date of Timestamp('2023-08-24 00:00:00')>,Active
CU000027,AC00114,CO000216,9752868245938,InStore,<bound method Timestamp.date of Timestamp('2024-11-18 00:00:00')>,Active
CU000028,AC00555,CO000410,9900141605149,InStore,<bound method Timestamp.date of Timestamp('2022-09-02 00:00:00')>,Active
CU000029,AC00464,CO000493,9896512990441,Online,<bound method Timestamp.date of Timestamp('2024-01-08 00:00:00')>,Active
CU000030,AC00005,CO000471,9782448577970,InStore,<bound method Timestamp.date of Timestamp('2024-07-24 00:00:00')>,Active
CU000031,AC00391,CO000186,9488631038855,InStore,<bound method Timestamp.date of Timestamp('2025-05-02 00:00:00')>,Active
CU000032,AC00435,CO000748,9720314193057,InStore,<bound method Timestamp.date of Timestamp('2025-05-08 00:00:00')>,Suspended
CU000033,AC00299,CO000466,9563465928196,InStore,<bound method Timestamp.date of Timestamp('2023-11-22 00:00:00')>,Active
CU000034,AC00175,CO000895,9653377880253,SalesRep,<bound method Timestamp.date of Timestamp('2023-12-31 00:00:00')>,Active
CU000035,AC00181,CO000671,9691431562877,InStore,<bound method Timestamp.date of Timestamp('2025-08-13 00:00:00')>,Active
CU000036,AC00262,CO000443,9899122472949,InStore,<bound method Timestamp.date of Timestamp('2024-11-24 00:00:00')>,Active
CU000037,AC00090,CO000928,9413059772417,InStore,<bound method Timestamp.date of Timestamp('2023-12-05 00:00:00')>,Active
CU000038,AC00366,CO000926,9111336135212,InStore,<bound method Timestamp.date of Timestamp('2022-04-10 00:00:00')>,Active
CU000039,AC00520,CO000901,9999917872667,InStore,<bound method Timestamp.date of Timestamp('2024-06-08 00:00:00')>,Active
CU000040,AC00161,CO000900,9624811833103,Online,<bound method Timestamp.date of Timestamp('2022-07-23 00:00:00')>,Active
CU000041,AC00037,CO000250,9427209507972,InStore,<bound method Timestamp.date of Timestamp('2025-04-24 00:00:00')>,Active
CU000042,AC00053,CO000879,9300481075842,SalesRep,<bound method Timestamp.date of Timestamp('2025-05-17 00:00:00')>,Active
CU000043,AC00146,CO000619,9551493520288,InStore,<bound method Timestamp.date of Timestamp('2022-12-14 00:00:00')>,Active
CU000044,AC00237,CO000870,9864542569781,InStore,<bound method Timestamp.date of Timestamp('2023-12-06 00:00:00')>,Active
CU000045,AC00342,CO000188,9213863483306,SalesRep,<bound method Timestamp.date of Timestamp('2024-04-05 00:00:00')>,Active
CU000046,AC00165,CO000018,9829963245974,InStore,<bound method Timestamp.date of Timestamp('2025-05-11 00:00:00')>,Active
CU000047,AC00242,CO000315,9819172221762,InStore,<bound method Timestamp.date of Timestamp('2025-07-07 00:00:00')>,Active
CU000048,AC00600,CO000042,9897344998881,Online,<bound method Timestamp.date of Timestamp('2023-06-11 00:00:00')>,Active
CU000049,AC00499,CO000914,9949233341466,SalesRep,<bound method Timestamp.date of Timestamp('2023-07-22 00:00:00')>,Active
CU000050,AC00163,CO000839,9189345358630,Online,<bound method Timestamp.date of Timestamp('2022-05-02 00:00:00')>,Active
CU000051,AC00336,CO000547,9890704274323,InStore,<bound method Timestamp.date of Timestamp('2024-08-01 00:00:00')>,Active
CU000052,AC00511,CO000312,9820542789120,Online,<bound method Timestamp.date of Timestamp('2024-07-19 00:00:00')>,Active
CU000053,AC00029,CO000719,9610924921941,Online,<bound method Timestamp.date of Timestamp('2023-12-09 00:00:00')>,Active
CU000054,AC00061,CO000562,9119682895291,Online,<bound method Timestamp.date of Timestamp('2025-06-27 00:00:00')>,Active
CU000055,AC00413,CO000449,9323137634271,Online,<bound method Timestamp.date of Timestamp('2023-09-18 00:00:00')>,Active
CU000056,AC00143,CO000473,9230570124899,InStore,<bound method Timestamp.date of Timestamp('2024-06-18 00:00:00')>,Active
CU000057,AC00593,CO000274,9386007581683,InStore,<bound method Timestamp.date of Timestamp('2022-08-05 00:00:00')>,Active
CU000058,AC00414,CO000812,9621174137960,InStore,<bound method Timestamp.date of Timestamp('2025-03-05 00:00:00')>,Active
CU000059,AC00054,CO000370,9198352931698,InStore,<bound method Timestamp.date of Timestamp('2023-08-29 00:00:00')>,Active
CU000060,AC00083,CO000364,9169911348022,InStore,<bound method Timestamp.date of Timestamp('2025-07-01 00:00:00')>,Active
CU000061,AC00523,CO000774,9113685737311,InStore,<bound method Timestamp.date of Timestamp('2023-08-27 00:00:00')>,Suspended
CU000062,AC00398,CO000210,9458719078002,InStore,<bound method Timestamp.date of Timestamp('2022-02-14 00:00:00')>,Active
CU000063,AC00425,CO000878,9819321750377,InStore,<bound method Timestamp.date of Timestamp('2022-04-29 00:00:00')>,Active
CU000064,AC00549,CO000075,9628074849685,Online,<bound method Timestamp.date of Timestamp('2024-06-26 00:00:00')>,Active
CU000065,AC00063,CO000275,9293865471704,Online,<bound method Timestamp.date of Timestamp('2022-12-16 00:00:00')>,Active
CU000066,AC00084,CO000963,9491779435943,InStore,<bound method Timestamp.date of Timestamp('2023-11-08 00:00:00')>,Active
CU000067,AC00142,CO000935,9102948200850,SalesRep,<bound method Timestamp.date of Timestamp('2024-10-27 00:00:00')>,Active
CU000068,AC00271,CO000952,9589483640658,InStore,<bound method Timestamp.date of Timestamp('2025-02-13 00:00:00')>,Active
CU000069,AC00387,CO000586,9830559285302,InStore,<bound method Timestamp.date of Timestamp('2025-10-18 00:00:00')>,Active
CU000070,AC00100,CO000019,9718818422920,InStore,<bound method Timestamp.date of Timestamp('2024-11-10 00:00:00')>,Active
CU000071,AC00560,CO000308,9657977543568,Online,<bound method Timestamp.date of Timestamp('2025-09-25 00:00:00')>,Active
CU000072,AC00304,CO000625,9228547497621,Online,<bound method Timestamp.date of Timestamp('2022-10-27 00:00:00')>,Active
CU000073,AC00074,CO000424,9587318520210,Online,<bound method Timestamp.date of Timestamp('2025-10-19 00:00:00')>,Active
CU000074,AC00043,CO000558,9784249133598,InStore,<bound method Timestamp.date of Timestamp('2022-06-01 00:00:00')>,Active
CU000075,AC00362,CO000484,9894400845554,InStore,<bound method Timestamp.date of Timestamp('2024-01-19 00:00:00')>,Active
CU000076,AC00097,CO000468,9850303234281,Online,<bound method Timestamp.date of Timestamp('2025-11-11 00:00:00')>,Active
CU000077,AC00424,CO000722,9206707139377,InStore,<bound method Timestamp.date of Timestamp('2022-08-07 00:00:00')>,Active
CU000078,AC00500,CO000826,9275067938624,InStore,<bound method Timestamp.date of Timestamp('2022-07-16 00:00:00')>,Active
CU000079,AC00551,CO000647,9171947441702,SalesRep,<bound method Timestamp.date of Timestamp('2022-12-31 00:00:00')>,Active
CU000080,AC00527,CO000810,9432288064258,InStore,<bound method Timestamp.date of Timestamp('2023-07-21 00:00:00')>,Active
CU000081,AC00438,CO000743,9878457713777,InStore,<bound method Timestamp.date of Timestamp('2025-04-08 00:00:00')>,Active
CU000082,AC00188,CO000526,9744497018510,Online,<bound method Timestamp.date of Timestamp('2025-05-23 00:00:00')>,Active
CU000083,AC00215,CO000059,9905786095885,InStore,<bound method Timestamp.date of Timestamp('2025-06-26 00:00:00')>,Active
CU000084,AC00449,CO000825,9179051406301,Online,<bound method Timestamp.date of Timestamp('2022-06-23 00:00:00')>,Active
CU000085,AC00357,CO000626,9693974032372,InStore,<bound method Timestamp.date of Timestamp('2024-01-10 00:00:00')>,Active
CU000086,AC00446,CO000319,9465195749403,InStore,<bound method Timestamp.date of Timestamp('2024-06-30 00:00:00')>,Active
CU000087,AC00012,CO000475,9446127920018,SalesRep,<bound method Timestamp.date of Timestamp('2025-07-23 00:00:00')>,Active
CU000088,AC00471,CO000772,9893486737134,InStore,<bound method Timestamp.date of Timestamp('2023-12-27 00:00:00')>,Active
CU000089,AC00447,CO000325,9147948190138,InStore,<bound method Timestamp.date of Timestamp('2023-01-21 00:00:00')>,Active
CU000090,AC00344,CO000253,9657807044757,InStore,<bound method Timestamp.date of Timestamp('2025-11-01 00:00:00')>,Active
CU000091,AC00013,CO000644,9282462804860,SalesRep,<bound method Timestamp.date of Timestamp('2023-07-25 00:00:00')>,Active
CU000092,AC00268,CO000986,9474977848477,InStore,<bound method Timestamp.date of Timestamp('2022-08-09 00:00:00')>,Active
CU000093,AC00062,CO000589,9566268279201,InStore,<bound method Timestamp.date of Timestamp('2022-02-17 00:00:00')>,Active
CU000094,AC00477,CO000758,9243514080141,Online,<bound method Timestamp.date of Timestamp('2022-02-06 00:00:00')>,Active
CU000095,AC00537,CO000050,9955092536801,Online,<bound method Timestamp.date of Timestamp('2023-12-07 00:00:00')>,Active
CU000096,AC00267,CO000417,9815661175279,InStore,<bound method Timestamp.date of Timestamp('2024-01-09 00:00:00')>,Active
CU000097,AC00428,CO000068,9952533171567,InStore,<bound method Timestamp.date of Timestamp('2022-10-30 00:00:00')>,Active
CU000098,AC00177,CO000048,9149294454576,InStore,<bound method Timestamp.date of Timestamp('2023-11-24 00:00:00')>,Active
CU000099,AC00235,CO000257,9969314495869,InStore,<bound method Timestamp.date of Timestamp('2023-04-16 00:00:00')>,Active
CU000100,AC00333,CO000335,9323119237950,InStore,<bound method Timestamp.date of Timestamp('2022-03-08 00:00:00')>,Active
CU000101,AC00470,CO000039,9918738805913,Online,<bound method Timestamp.date of Timestamp('2023-03-30 00:00:00')>,Active
CU000102,AC00272,CO000201,9336374074777,InStore,<bound method Timestamp.date of Timestamp('2022-09-24 00:00:00')>,Active
CU000103,AC00403,CO000206,9842112900594,Online,<bound method Timestamp.date of Timestamp('2023-04-27 00:00:00')>,Active
CU000104,AC00521,CO000234,9831197228223,Online,<bound method Timestamp.date of Timestamp('2022-12-09 00:00:00')>,Active
CU000105,AC00363,CO000881,9513536273132,SalesRep,<bound method Timestamp.date of Timestamp('2023-04-03 00:00:00')>,Active
CU000106,AC00530,CO000840,9186780556733,InStore,<bound method Timestamp.date of Timestamp('2025-06-12 00:00:00')>,Active
CU000107,AC00485,CO000547,9753669244618,InStore,<bound method Timestamp.date of Timestamp('2024-07-03 00:00:00')>,Active
CU000108,AC00443,CO000272,9686401116629,Online,<bound method Timestamp.date of Timestamp('2024-02-29 00:00:00')>,Active
CU000109,AC00318,CO000911,9516782274842,InStore,<bound method Timestamp.date of Timestamp('2023-05-07 00:00:00')>,Active
CU000110,AC00571,CO000212,9222374503264,SalesRep,<bound method Timestamp.date of Timestamp('2022-10-28 00:00:00')>,Active
CU000111,AC00036,CO000841,9690060057234,InStore,<bound method Timestamp.date of Timestamp('2023-12-29 00:00:00')>,Active
CU000112,AC00283,CO000771,9757213710911,Online,<bound method Timestamp.date of Timestamp('2025-01-22 00:00:00')>,Active
CU000113,AC00019,CO000311,9758273183564,InStore,<bound method Timestamp.date of Timestamp('2025-03-14 00:00:00')>,Active
CU000114,AC00317,CO000896,9929005412137,Online,<bound method Timestamp.date of Timestamp('2024-07-22 00:00:00')>,Active
CU000115,AC00562,CO000535,9511417171747,InStore,<bound method Timestamp.date of Timestamp('2025-10-08 00:00:00')>,Active
CU000116,AC00183,CO000827,9702449685923,InStore,<bound method Timestamp.date of Timestamp('2025-12-06 00:00:00')>,Active
CU000117,AC00006,CO000301,9711885594306,InStore,<bound method Timestamp.date of Timestamp('2024-04-25 00:00:00')>,Active
CU000118,AC00009,CO000188,9225123284544,Online,<bound method Timestamp.date of Timestamp('2022-07-03 00:00:00')>,Active
CU000119,AC00203,CO000163,9403357578045,Online,<bound method Timestamp.date of Timestamp('2025-07-23 00:00:00')>,Active
CU000120,AC00421,CO000667,9822678161397,InStore,<bound method Timestamp.date of Timestamp('2022-04-15 00:00:00')>,Active
CU000121,AC00572,CO000321,9379770403736,InStore,<bound method Timestamp.date of Timestamp('2025-02-21 00:00:00')>,Active
CU000122,AC00507,CO000456,9809757903449,Online,<bound method Timestamp.date of Timestamp('2024-02-20 00:00:00')>,Active
CU000123,AC00239,CO000556,9274573601910,InStore,<bound method Timestamp.date of Timestamp('2022-09-24 00:00:00')>,Active
CU000124,AC00135,CO000492,9745321774441,InStore,<bound method Timestamp.date of Timestamp('2025-10-27 00:00:00')>,Active
CU000125,AC00132,CO000334,9262763856188,InStore,<bound method Timestamp.date of Timestamp('2024-02-27 00:00:00')>,Active
CU000126,AC00487,CO000522,9329569368569,InStore,<bound method Timestamp.date of Timestamp('2024-08-31 00:00:00')>,Active
CU000127,AC00004,CO000102,9193013866343,InStore,<bound method Timestamp.date of Timestamp('2022-09-18 00:00:00')>,Active
CU000128,AC00108,CO000244,9642024161169,InStore,<bound method Timestamp.date of Timestamp('2023-01-20 00:00:00')>,Active
CU000129,AC00473,CO000131,9843452709609,Online,<bound method Timestamp.date of Timestamp('2023-07-03 00:00:00')>,Active
CU000130,AC00503,CO000262,9725477939751,InStore,<bound method Timestamp.date of Timestamp('2023-12-18 00:00:00')>,Active
CU000131,AC00145,CO000293,9603468885908,InStore,<bound method Timestamp.date of Timestamp('2024-01-20 00:00:00')>,Suspended
CU000132,AC00410,CO000533,9529065475534,Online,<bound method Timestamp.date of Timestamp('2025-07-03 00:00:00')>,Active
CU000133,AC00071,CO000485,9835789265280,InStore,<bound method Timestamp.date of Timestamp('2022-07-08 00:00:00')>,Active
CU000134,AC00149,CO000552,9185628681050,Online,<bound method Timestamp.date of Timestamp('2022-11-28 00:00:00')>,Active
CU000135,AC00288,CO000791,9407966435589,InStore,<bound method Timestamp.date of Timestamp('2025-04-26 00:00:00')>,Active
CU000136,AC00034,CO000875,9536901107641,InStore,<bound method Timestamp.date of Timestamp('2024-01-28 00:00:00')>,Active
CU000137,AC00296,CO000237,9584819067419,Online,<bound method Timestamp.date of Timestamp('2023-01-12 00:00:00')>,Active
CU000138,AC00377,CO000086,9210310379351,InStore,<bound method Timestamp.date of Timestamp('2022-11-02 00:00:00')>,Active
CU000139,AC00531,CO000976,9926640432083,Online,<bound method Timestamp.date of Timestamp('2023-12-25 00:00:00')>,Active
CU000140,AC00597,CO000527,9580610682259,SalesRep,<bound method Timestamp.date of Timestamp('2025-06-05 00:00:00')>,Active
CU000141,AC00423,CO000580,9919322739631,InStore,<bound method Timestamp.date of Timestamp('2025-05-08 00:00:00')>,Active
CU000142,AC00493,CO000440,9747948221566,InStore,<bound method Timestamp.date of Timestamp('2022-08-21 00:00:00')>,Active
CU000143,AC00564,CO000789,9693374951886,InStore,<bound method Timestamp.date of Timestamp('2023-10-14 00:00:00')>,Active
CU000144,AC00574,CO000562,9656744806294,SalesRep,<bound method Timestamp.date of Timestamp('2023-02-28 00:00:00')>,Active
CU000145,AC00041,CO000004,9571184694507,SalesRep,<bound method Timestamp.date of Timestamp('2025-01-18 00:00:00')>,Active
CU000146,AC00592,CO000585,9638935947901,Online,<bound method Timestamp.date of Timestamp('2024-05-18 00:00:00')>,Active
CU000147,AC00599,CO000042,9315242795285,InStore,<bound method Timestamp.date of Timestamp('2025-06-12 00:00:00')>,Active
CU000148,AC00232,CO000332,9119603011958,InStore,<bound method Timestamp.date of Timestamp('2023-09-30 00:00:00')>,Active
CU000149,AC00285,CO000701,9524710698456,InStore,<bound method Timestamp.date of Timestamp('2024-05-01 00:00:00')>,Active
CU000150,AC00169,CO000022,9278022978829,InStore,<bound method Timestamp.date of Timestamp('2023-09-30 00:00:00')>,Active
CU000151,AC00133,CO000159,9957563785608,InStore,<bound method Timestamp.date of Timestamp('2022-09-21 00:00:00')>,Active
CU000152,AC00478,CO000795,9106579389696,Online,<bound method Timestamp.date of Timestamp('2023-07-31 00:00:00')>,Active
CU000153,AC00308,CO000310,9520597958875,InStore,<bound method Timestamp.date of Timestamp('2025-11-26 00:00:00')>,Active
CU000154,AC00273,CO000303,9851072168578,Online,<bound method Timestamp.date of Timestamp('2022-10-28 00:00:00')>,Active
CU000155,AC00340,CO000908,9249230747166,InStore,<bound method Timestamp.date of Timestamp('2024-01-31 00:00:00')>,Active
CU000156,AC00182,CO000384,9953275614090,Online,<bound method Timestamp.date of Timestamp('2023-09-19 00:00:00')>,Active
CU000157,AC00541,CO000112,9496941183182,SalesRep,<bound method Timestamp.date of Timestamp('2024-11-15 00:00:00')>,Active
CU000158,AC00017,CO000350,9615272493546,Online,<bound method Timestamp.date of Timestamp('2022-05-31 00:00:00')>,Active
CU000159,AC00102,CO000780,9781842724028,Online,<bound method Timestamp.date of Timestamp('2024-12-14 00:00:00')>,Active
CU000160,AC00529,CO000415,9482970474961,SalesRep,<bound method Timestamp.date of Timestamp('2022-03-29 00:00:00')>,Active
CU000161,AC00080,CO000435,9465639788766,InStore,<bound method Timestamp.date of Timestamp('2022-06-23 00:00:00')>,Active
CU000162,AC00162,CO000135,9306212548381,InStore,<bound method Timestamp.date of Timestamp('2025-01-13 00:00:00')>,Active
CU000163,AC00236,CO000796,9982415259042,InStore,<bound method Timestamp.date of Timestamp('2025-06-29 00:00:00')>,Active
CU000164,AC00156,CO000753,9323583342795,InStore,<bound method Timestamp.date of Timestamp('2023-10-09 00:00:00')>,Active
CU000165,AC00107,CO000021,9893400793684,InStore,<bound method Timestamp.date of Timestamp('2024-09-07 00:00:00')>,Active
CU000166,AC00554,CO000360,9745811145967,Online,<bound method Timestamp.date of Timestamp('2022-03-23 00:00:00')>,Active
CU000167,AC00189,CO000113,9861324335616,InStore,<bound method Timestamp.date of Timestamp('2024-05-30 00:00:00')>,Active
CU000168,AC00338,CO000094,9221810198301,Online,<bound method Timestamp.date of Timestamp('2024-04-02 00:00:00')>,Active
CU000169,AC00452,CO000225,9178555344535,SalesRep,<bound method Timestamp.date of Timestamp('2025-03-08 00:00:00')>,Active
CU000170,AC00148,CO000615,9958197402264,InStore,<bound method Timestamp.date of Timestamp('2023-08-30 00:00:00')>,Active
CU000171,AC00429,CO000668,9103239075440,SalesRep,<bound method Timestamp.date of Timestamp('2023-09-23 00:00:00')>,Suspended
CU000172,AC00459,CO000899,9754453854437,Online,<bound method Timestamp.date of Timestamp('2024-12-02 00:00:00')>,Active
CU000173,AC00458,CO000721,9744234830195,InStore,<bound method Timestamp.date of Timestamp('2024-03-04 00:00:00')>,Active
CU000174,AC00406,CO000551,9697261541161,InStore,<bound method Timestamp.date of Timestamp('2025-06-23 00:00:00')>,Active
CU000175,AC00524,CO000932,9517928576167,SalesRep,<bound method Timestamp.date of Timestamp('2025-07-03 00:00:00')>,Active
CU000176,AC00518,CO000809,9203579989570,Online,<bound method Timestamp.date of Timestamp('2024-05-17 00:00:00')>,Active
CU000177,AC00544,CO000946,9984897549405,InStore,<bound method Timestamp.date of Timestamp('2022-08-23 00:00:00')>,Active
CU000178,AC00256,CO000285,9160052266976,Online,<bound method Timestamp.date of Timestamp('2024-09-21 00:00:00')>,Suspended
CU000179,AC00301,CO000783,9697112155472,InStore,<bound method Timestamp.date of Timestamp('2023-09-10 00:00:00')>,Active
CU000180,AC00488,CO000530,9662536135509,InStore,<bound method Timestamp.date of Timestamp('2025-08-17 00:00:00')>,Active
CU000181,AC00216,CO000145,9599008367267,Online,<bound method Timestamp.date of Timestamp('2022-05-03 00:00:00')>,Active
CU000182,AC00060,CO000967,9843102479275,InStore,<bound method Timestamp.date of Timestamp('2024-08-08 00:00:00')>,Active
CU000183,AC00076,CO000609,9772047421523,InStore,<bound method Timestamp.date of Timestamp('2022-01-15 00:00:00')>,Active
CU000184,AC00214,CO000333,9314405751294,Online,<bound method Timestamp.date of Timestamp('2025-07-11 00:00:00')>,Active
CU000185,AC00376,CO000626,9855072394213,InStore,<bound method Timestamp.date of Timestamp('2023-09-19 00:00:00')>,Active
CU000186,AC00212,CO000101,9494484084251,InStore,<bound method Timestamp.date of Timestamp('2025-05-11 00:00:00')>,Active
CU000187,AC00502,CO000510,9542873018484,InStore,<bound method Timestamp.date of Timestamp('2022-07-13 00:00:00')>,Active
CU000188,AC00105,CO000534,9485029843583,InStore,<bound method Timestamp.date of Timestamp('2024-05-12 00:00:00')>,Active
CU000189,AC00525,CO000634,9298668385924,SalesRep,<bound method Timestamp.date of Timestamp('2022-03-18 00:00:00')>,Active
CU000190,AC00078,CO000788,9579411151443,Online,<bound method Timestamp.date of Timestamp('2025-05-04 00:00:00')>,Active
CU000191,AC00394,CO000749,9264579648630,Online,<bound method Timestamp.date of Timestamp('2024-02-27 00:00:00')>,Active
CU000192,AC00386,CO000587,9464050137586,Online,<bound method Timestamp.date of Timestamp('2023-12-07 00:00:00')>,Active
CU000193,AC00147,CO000882,9179915158459,InStore,<bound method Timestamp.date of Timestamp('2025-03-19 00:00:00')>,Active
CU000194,AC00441,CO000053,9643427418774,SalesRep,<bound method Timestamp.date of Timestamp('2025-12-08 00:00:00')>,Active
CU000195,AC00321,CO000242,9481514902903,InStore,<bound method Timestamp.date of Timestamp('2024-09-13 00:00:00')>,Active
CU000196,AC00077,CO000393,9615630508798,InStore,<bound method Timestamp.date of Timestamp('2022-01-19 00:00:00')>,Active
CU000197,AC00164,CO000399,9557422723042,InStore,<bound method Timestamp.date of Timestamp('2025-04-11 00:00:00')>,Active
CU000198,AC00035,CO000852,9101281987964,Online,<bound method Timestamp.date of Timestamp('2025-07-05 00:00:00')>,Active
CU000199,AC00200,CO000513,9169736333163,InStore,<bound method Timestamp.date of Timestamp('2024-05-08 00:00:00')>,Active
CU000200,AC00192,CO000883,9190330924902,InStore,<bound method Timestamp.date of Timestamp('2024-11-26 00:00:00')>,Active
CU000201,AC00233,CO000371,9563769838095,InStore,<bound method Timestamp.date of Timestamp('2022-03-21 00:00:00')>,Active
CU000202,AC00280,CO000654,9338619861659,SalesRep,<bound method Timestamp.date of Timestamp('2024-02-04 00:00:00')>,Active
CU000203,AC00595,CO000182,9293225553333,Online,<bound method Timestamp.date of Timestamp('2025-11-21 00:00:00')>,Active
CU000204,AC00395,CO000997,9338152745850,InStore,<bound method Timestamp.date of Timestamp('2024-04-15 00:00:00')>,Active
CU000205,AC00091,CO000741,9214456461484,SalesRep,<bound method Timestamp.date of Timestamp('2024-08-21 00:00:00')>,Active
CU000206,AC00170,CO000013,9594915260259,InStore,<bound method Timestamp.date of Timestamp('2024-01-02 00:00:00')>,Active
CU000207,AC00096,CO000236,9697864586967,InStore,<bound method Timestamp.date of Timestamp('2024-02-01 00:00:00')>,Active
CU000208,AC00180,CO000444,9715710828066,SalesRep,<bound method Timestamp.date of Timestamp('2022-07-18 00:00:00')>,Active
CU000209,AC00079,CO000302,9207489762878,InStore,<bound method Timestamp.date of Timestamp('2023-03-28 00:00:00')>,Active
CU000210,AC00104,CO000730,9202855245101,InStore,<bound method Timestamp.date of Timestamp('2025-04-29 00:00:00')>,Active
CU000211,AC00276,CO000134,9973125419564,InStore,<bound method Timestamp.date of Timestamp('2024-11-12 00:00:00')>,Active
CU000212,AC00453,CO000793,9428385238682,InStore,<bound method Timestamp.date of Timestamp('2024-12-26 00:00:00')>,Active
CU000213,AC00174,CO000071,9642945154653,Online,<bound method Timestamp.date of Timestamp('2024-07-26 00:00:00')>,Active
CU000214,AC00535,CO000065,9120165455682,SalesRep,<bound method Timestamp.date of Timestamp('2023-07-02 00:00:00')>,Active
CU000215,AC00367,CO000091,9999894906907,InStore,<bound method Timestamp.date of Timestamp('2024-01-13 00:00:00')>,Active
CU000216,AC00121,CO000366,9276337791544,InStore,<bound method Timestamp.date of Timestamp('2023-01-28 00:00:00')>,Active
CU000217,AC00024,CO000083,9885178982207,InStore,<bound method Timestamp.date of Timestamp('2023-12-27 00:00:00')>,Active
CU000218,AC00001,CO000576,9640408747827,SalesRep,<bound method Timestamp.date of Timestamp('2025-05-28 00:00:00')>,Active
CU000219,AC00081,CO000314,9280936684359,Online,<bound method Timestamp.date of Timestamp('2023-01-08 00:00:00')>,Active
CU000220,AC00381,CO000141,9120895071909,Online,<bound method Timestamp.date of Timestamp('2022-07-29 00:00:00')>,Active
CU000221,AC00010,CO000694,9165446713107,InStore,<bound method Timestamp.date of Timestamp('2023-08-17 00:00:00')>,Active
CU000222,AC00463,CO000441,9742423762403,SalesRep,<bound method Timestamp.date of Timestamp('2022-08-01 00:00:00')>,Active
CU000223,AC00106,CO000635,9248489975168,SalesRep,<bound method Timestamp.date of Timestamp('2025-05-09 00:00:00')>,Active
CU000224,AC00556,CO000787,9613880729706,Online,<bound method Timestamp.date of Timestamp('2024-01-02 00:00:00')>,Active
CU000225,AC00533,CO000111,9271314083201,InStore,<bound method Timestamp.date of Timestamp('2022-09-26 00:00:00')>,Active
CU000226,AC00465,CO000450,9618417755853,SalesRep,<bound method Timestamp.date of Timestamp('2022-05-24 00:00:00')>,Active
CU000227,AC00167,CO000704,9590394495247,SalesRep,<bound method Timestamp.date of Timestamp('2025-11-24 00:00:00')>,Active
CU000228,AC00032,CO000400,9946154988155,InStore,<bound method Timestamp.date of Timestamp('2022-01-25 00:00:00')>,Active
CU000229,AC00543,CO000971,9351434563848,InStore,<bound method Timestamp.date of Timestamp('2023-03-30 00:00:00')>,Active
CU000230,AC00224,CO000695,9150699388645,InStore,<bound method Timestamp.date of Timestamp('2022-09-02 00:00:00')>,Active
CU000231,AC00089,CO000820,9801838423186,InStore,<bound method Timestamp.date of Timestamp('2022-11-15 00:00:00')>,Active
CU000232,AC00581,CO000554,9992590171157,InStore,<bound method Timestamp.date of Timestamp('2022-09-17 00:00:00')>,Active
CU000233,AC00393,CO000712,9915907258692,SalesRep,<bound method Timestamp.date of Timestamp('2025-03-18 00:00:00')>,Active
CU000234,AC00125,CO000965,9699586278155,SalesRep,<bound method Timestamp.date of Timestamp('2024-11-05 00:00:00')>,Active
CU000235,AC00513,CO000754,9417313301867,Online,<bound method Timestamp.date of Timestamp('2022-05-27 00:00:00')>,Active
CU000236,AC00412,CO000139,9405072111513,Online,<bound method Timestamp.date of Timestamp('2023-07-17 00:00:00')>,Active
CU000237,AC00576,CO000039,9742878007396,InStore,<bound method Timestamp.date of Timestamp('2022-04-02 00:00:00')>,Active
CU000238,AC00139,CO000494,9160361810426,InStore,<bound method Timestamp.date of Timestamp('2022-03-12 00:00:00')>,Active
CU000239,AC00469,CO000575,9539974099676,InStore,<bound method Timestamp.date of Timestamp('2023-03-26 00:00:00')>,Active
CU000240,AC00279,CO000742,9346543348926,InStore,<bound method Timestamp.date of Timestamp('2024-09-27 00:00:00')>,Active
CU000241,AC00494,CO000880,9964131487958,Online,<bound method Timestamp.date of Timestamp('2025-12-07 00:00:00')>,Active
CU000242,AC00275,CO000024,9226749644901,InStore,<bound method Timestamp.date of Timestamp('2025-12-12 00:00:00')>,Active
CU000243,AC00587,CO000352,9276859429239,InStore,<bound method Timestamp.date of Timestamp('2024-02-28 00:00:00')>,Active
CU000244,AC00546,CO000829,9881767474529,InStore,<bound method Timestamp.date of Timestamp('2023-07-25 00:00:00')>,Active
CU000245,AC00454,CO000951,9893456946961,InStore,<bound method Timestamp.date of Timestamp('2022-03-08 00:00:00')>,Active
CU000246,AC00159,CO000824,9673460694811,SalesRep,<bound method Timestamp.date of Timestamp('2023-03-06 00:00:00')>,Active
CU000247,AC00402,CO000616,9594324346457,SalesRep,<bound method Timestamp.date of Timestamp('2024-07-26 00:00:00')>,Active
CU000248,AC00300,CO000545,9881676115423,SalesRep,<bound method Timestamp.date of Timestamp('2022-08-14 00:00:00')>,Active
CU000249,AC00110,CO000118,9444191723129,InStore,<bound method Timestamp.date of Timestamp('2024-08-17 00:00:00')>,Active
CU000250,AC00026,CO000969,9230586810613,InStore,<bound method Timestamp.date of Timestamp('2022-07-23 00:00:00')>,Active
CU000251,AC00483,CO000385,9840261920550,SalesRep,<bound method Timestamp.date of Timestamp('2023-03-05 00:00:00')>,Active
CU000252,AC00397,CO000921,9697032397129,Online,<bound method Timestamp.date of Timestamp('2023-01-12 00:00:00')>,Active
CU000253,AC00312,CO000866,9983198731007,InStore,<bound method Timestamp.date of Timestamp('2022-10-04 00:00:00')>,Active
CU000254,AC00243,CO000193,9632114533068,Online,<bound method Timestamp.date of Timestamp('2025-01-02 00:00:00')>,Active
CU000255,AC00127,CO000375,9903778832737,Online,<bound method Timestamp.date of Timestamp('2022-11-23 00:00:00')>,Active
CU000256,AC00207,CO000894,9921411432748,InStore,<bound method Timestamp.date of Timestamp('2024-12-09 00:00:00')>,Active
CU000257,AC00322,CO000690,9564293063015,SalesRep,<bound method Timestamp.date of Timestamp('2023-04-09 00:00:00')>,Active
CU000258,AC00044,CO000638,9666519401678,Online,<bound method Timestamp.date of Timestamp('2023-11-26 00:00:00')>,Active
CU000259,AC00585,CO000049,9829893583947,SalesRep,<bound method Timestamp.date of Timestamp('2025-08-03 00:00:00')>,Active
CU000260,AC00194,CO000527,9306832172545,InStore,<bound method Timestamp.date of Timestamp('2025-04-30 00:00:00')>,Active
CU000261,AC00069,CO000040,9552548958206,Online,<bound method Timestamp.date of Timestamp('2025-01-18 00:00:00')>,Active
CU000262,AC00234,CO000884,9274480187966,Online,<bound method Timestamp.date of Timestamp('2022-05-05 00:00:00')>,Suspended
CU000263,AC00259,CO000344,9107188902428,InStore,<bound method Timestamp.date of Timestamp('2024-04-09 00:00:00')>,Active
CU000264,AC00598,CO000579,9665395314214,InStore,<bound method Timestamp.date of Timestamp('2024-11-25 00:00:00')>,Active
CU000265,AC00457,CO000084,9294435919802,InStore,<bound method Timestamp.date of Timestamp('2023-09-07 00:00:00')>,Active
CU000266,AC00586,CO000992,9520995088144,SalesRep,<bound method Timestamp.date of Timestamp('2024-02-20 00:00:00')>,Active
CU000267,AC00320,CO000831,9433632452348,InStore,<bound method Timestamp.date of Timestamp('2022-08-11 00:00:00')>,Active
CU000268,AC00532,CO000540,9817778791620,Online,<bound method Timestamp.date of Timestamp('2022-10-11 00:00:00')>,Active
CU000269,AC00073,CO000281,9670785036744,InStore,<bound method Timestamp.date of Timestamp('2024-05-18 00:00:00')>,Active
CU000270,AC00246,CO000132,9485169079803,InStore,<bound method Timestamp.date of Timestamp('2022-07-18 00:00:00')>,Active
CU000271,AC00020,CO000103,9668164044718,InStore,<bound method Timestamp.date of Timestamp('2024-06-07 00:00:00')>,Active
CU000272,AC00038,CO000318,9147878964326,Online,<bound method Timestamp.date of Timestamp('2022-04-17 00:00:00')>,Active
CU000273,AC00383,CO000029,9738708631358,Online,<bound method Timestamp.date of Timestamp('2025-01-24 00:00:00')>,Active
CU000274,AC00539,CO000098,9876660851274,InStore,<bound method Timestamp.date of Timestamp('2023-11-19 00:00:00')>,Active
CU000275,AC00584,CO000474,9350433773932,InStore,<bound method Timestamp.date of Timestamp('2023-12-20 00:00:00')>,Active
CU000276,AC00257,CO000873,9775961023458,InStore,<bound method Timestamp.date of Timestamp('2024-04-27 00:00:00')>,Active
CU000277,AC00514,CO000184,9922924967317,InStore,<bound method Timestamp.date of Timestamp('2024-03-28 00:00:00')>,Active
CU000278,AC00433,CO000568,9729798105071,InStore,<bound method Timestamp.date of Timestamp('2025-11-04 00:00:00')>,Active
CU000279,AC00440,CO000862,9537923706725,InStore,<bound method Timestamp.date of Timestamp('2023-04-12 00:00:00')>,Active
CU000280,AC00158,CO000877,9990961278013,InStore,<bound method Timestamp.date of Timestamp('2023-09-20 00:00:00')>,Active
CU000281,AC00374,CO000060,9552136747616,Online,<bound method Timestamp.date of Timestamp('2024-04-11 00:00:00')>,Active
CU000282,AC00596,CO000674,9877694013200,InStore,<bound method Timestamp.date of Timestamp('2023-12-02 00:00:00')>,Active
CU000283,AC00528,CO000122,9879258259138,Online,<bound method Timestamp.date of Timestamp('2025-10-15 00:00:00')>,Active
CU000284,AC00474,CO000940,9733353208461,Online,<bound method Timestamp.date of Timestamp('2022-12-25 00:00:00')>,Active
CU000285,AC00589,CO000480,9737266678600,Online,<bound method Timestamp.date of Timestamp('2024-01-14 00:00:00')>,Active
CU000286,AC00316,CO000785,9954602406489,InStore,<bound method Timestamp.date of Timestamp('2024-01-16 00:00:00')>,Active
CU000287,AC00365,CO000815,9454949484759,InStore,<bound method Timestamp.date of Timestamp('2025-07-18 00:00:00')>,Active
CU000288,AC00561,CO000520,9797157470222,SalesRep,<bound method Timestamp.date of Timestamp('2023-02-21 00:00:00')>,Active
CU000289,AC00538,CO000692,9281545816982,InStore,<bound method Timestamp.date of Timestamp('2025-08-02 00:00:00')>,Active
CU000290,AC00056,CO000044,9682732070409,InStore,<bound method Timestamp.date of Timestamp('2025-01-04 00:00:00')>,Active
CU000291,AC00025,CO000539,9481549369588,InStore,<bound method Timestamp.date of Timestamp('2025-08-01 00:00:00')>,Active
CU000292,AC00570,CO000727,9538923424427,SalesRep,<bound method Timestamp.date of Timestamp('2022-07-29 00:00:00')>,Active
CU000293,AC00066,CO000219,9729567706003,InStore,<bound method Timestamp.date of Timestamp('2023-05-25 00:00:00')>,Active
CU000294,AC00231,CO000710,9141127120257,InStore,<bound method Timestamp.date of Timestamp('2023-05-05 00:00:00')>,Active
CU000295,AC00103,CO000800,9441435646514,InStore,<bound method Timestamp.date of Timestamp('2023-03-31 00:00:00')>,Active
CU000296,AC00330,CO000689,9611772861659,InStore,<bound method Timestamp.date of Timestamp('2024-09-20 00:00:00')>,Active
CU000297,AC00014,CO000937,9377130024084,InStore,<bound method Timestamp.date of Timestamp('2023-04-14 00:00:00')>,Active
CU000298,AC00364,CO000097,9795792865911,InStore,<bound method Timestamp.date of Timestamp('2024-12-10 00:00:00')>,Active
CU000299,AC00462,CO000675,9653396158528,InStore,<bound method Timestamp.date of Timestamp('2025-11-13 00:00:00')>,Active
CU000300,AC00055,CO000470,9908565384926,Online,<bound method Timestamp.date of Timestamp('2023-10-02 00:00:00')>,Active
CU000301,AC00332,CO000409,9200660695321,InStore,<bound method Timestamp.date of Timestamp('2022-03-29 00:00:00')>,Active
CU000302,AC00284,CO000014,9690786737697,SalesRep,<bound method Timestamp.date of Timestamp('2022-10-28 00:00:00')>,Active
CU000303,AC00396,CO000769,9102855163987,InStore,<bound method Timestamp.date of Timestamp('2022-07-25 00:00:00')>,Active
CU000304,AC00040,CO000538,9204024785640,InStore,<bound method Timestamp.date of Timestamp('2023-07-09 00:00:00')>,Active
CU000305,AC00168,CO000958,9344588300121,Online,<bound method Timestamp.date of Timestamp('2022-05-28 00:00:00')>,Active
CU000306,AC00295,CO000848,9584953974145,InStore,<bound method Timestamp.date of Timestamp('2023-04-10 00:00:00')>,Active
CU000307,AC00481,CO000679,9533772700315,Online,<bound method Timestamp.date of Timestamp('2025-07-13 00:00:00')>,Active
CU000308,AC00131,CO000034,9617598451396,InStore,<bound method Timestamp.date of Timestamp('2024-04-05 00:00:00')>,Active
CU000309,AC00220,CO000943,9772813292520,InStore,<bound method Timestamp.date of Timestamp('2024-11-08 00:00:00')>,Active
CU000310,AC00033,CO000108,9529008383808,InStore,<bound method Timestamp.date of Timestamp('2025-03-12 00:00:00')>,Active
CU000311,AC00303,CO000886,9743551676429,InStore,<bound method Timestamp.date of Timestamp('2025-04-22 00:00:00')>,Active
CU000312,AC00305,CO000346,9826486513648,Online,<bound method Timestamp.date of Timestamp('2023-06-29 00:00:00')>,Active
CU000313,AC00484,CO000607,9182913055186,Online,<bound method Timestamp.date of Timestamp('2023-08-27 00:00:00')>,Active
CU000314,AC00138,CO000276,9126851819372,InStore,<bound method Timestamp.date of Timestamp('2024-03-30 00:00:00')>,Active
CU000315,AC00399,CO000215,9704907834040,SalesRep,<bound method Timestamp.date of Timestamp('2022-04-07 00:00:00')>,Active
CU000316,AC00111,CO000386,9668611345580,InStore,<bound method Timestamp.date of Timestamp('2025-07-09 00:00:00')>,Active
CU000317,AC00590,CO000329,9291407156970,InStore,<bound method Timestamp.date of Timestamp('2023-06-08 00:00:00')>,Active
CU000318,AC00122,CO000814,9650761476581,Online,<bound method Timestamp.date of Timestamp('2023-09-20 00:00:00')>,Active
CU000319,AC00130,CO000252,9692789240848,Online,<bound method Timestamp.date of Timestamp('2023-11-25 00:00:00')>,Active
CU000320,AC00380,CO000945,9877667471216,InStore,<bound method Timestamp.date of Timestamp('2024-11-21 00:00:00')>,Active
CU000321,AC00496,CO000008,9457849071203,InStore,<bound method Timestamp.date of Timestamp('2022-05-17 00:00:00')>,Active
CU000322,AC00536,CO000873,9613311179564,InStore,<bound method Timestamp.date of Timestamp('2025-08-08 00:00:00')>,Active
CU000323,AC00358,CO000731,9294144666508,InStore,<bound method Timestamp.date of Timestamp('2023-06-18 00:00:00')>,Active
CU000324,AC00281,CO000016,9731277303577,Online,<bound method Timestamp.date of Timestamp('2025-12-15 00:00:00')>,Active
CU000325,AC00578,CO000420,9735186235059,Online,<bound method Timestamp.date of Timestamp('2024-01-31 00:00:00')>,Suspended
CU000326,AC00045,CO000011,9716925397295,Online,<bound method Timestamp.date of Timestamp('2025-04-27 00:00:00')>,Active
CU000327,AC00327,CO000546,9580083895452,InStore,<bound method Timestamp.date of Timestamp('2022-02-18 00:00:00')>,Active
CU000328,AC00068,CO000842,9855860601797,Online,<bound method Timestamp.date of Timestamp('2025-06-29 00:00:00')>,Active
CU000329,AC00392,CO000542,9476006059482,Online,<bound method Timestamp.date of Timestamp('2025-09-06 00:00:00')>,Active
CU000330,AC00566,CO000678,9675142744381,SalesRep,<bound method Timestamp.date of Timestamp('2023-10-11 00:00:00')>,Active
CU000331,AC00286,CO000276,9958807386072,InStore,<bound method Timestamp.date of Timestamp('2023-07-14 00:00:00')>,Active
CU000332,AC00329,CO000661,9617495693650,InStore,<bound method Timestamp.date of Timestamp('2024-01-16 00:00:00')>,Active
CU000333,AC00354,CO000715,9921659574783,InStore,<bound method Timestamp.date of Timestamp('2022-03-25 00:00:00')>,Active
CU000334,AC00229,CO000129,9145804852380,Online,<bound method Timestamp.date of Timestamp('2024-10-13 00:00:00')>,Active
CU000335,AC00422,CO000864,9161643647409,InStore,<bound method Timestamp.date of Timestamp('2023-07-31 00:00:00')>,Suspended
CU000336,AC00504,CO000813,9899090426054,Online,<bound method Timestamp.date of Timestamp('2024-05-24 00:00:00')>,Active
CU000337,AC00442,CO000369,9493994551760,SalesRep,<bound method Timestamp.date of Timestamp('2025-05-30 00:00:00')>,Active
CU000338,AC00274,CO000363,9467332587876,InStore,<bound method Timestamp.date of Timestamp('2024-04-11 00:00:00')>,Active
CU000339,AC00461,CO000801,9651074662709,SalesRep,<bound method Timestamp.date of Timestamp('2023-03-12 00:00:00')>,Active
CU000340,AC00115,CO000387,9263101724680,Online,<bound method Timestamp.date of Timestamp('2024-12-06 00:00:00')>,Active
CU000341,AC00361,CO000136,9574406747351,InStore,<bound method Timestamp.date of Timestamp('2024-08-14 00:00:00')>,Active
CU000342,AC00309,CO000289,9756332249440,InStore,<bound method Timestamp.date of Timestamp('2022-03-19 00:00:00')>,Active
CU000343,AC00334,CO000110,9955578094886,InStore,<bound method Timestamp.date of Timestamp('2024-01-14 00:00:00')>,Active
CU000344,AC00011,CO000525,9295676873507,InStore,<bound method Timestamp.date of Timestamp('2022-08-13 00:00:00')>,Active
CU000345,AC00575,CO000589,9665909795938,InStore,<bound method Timestamp.date of Timestamp('2023-02-22 00:00:00')>,Active
CU000346,AC00031,CO000703,9905886121384,InStore,<bound method Timestamp.date of Timestamp('2023-09-26 00:00:00')>,Active
CU000347,AC00166,CO000738,9571365302677,Online,<bound method Timestamp.date of Timestamp('2024-10-28 00:00:00')>,Active
CU000348,AC00439,CO000802,9249682049105,InStore,<bound method Timestamp.date of Timestamp('2022-03-10 00:00:00')>,Active
CU000349,AC00508,CO000847,9194108569624,Online,<bound method Timestamp.date of Timestamp('2025-12-04 00:00:00')>,Active
CU000350,AC00051,CO000841,9523691099790,InStore,<bound method Timestamp.date of Timestamp('2022-06-04 00:00:00')>,Active
CU000351,AC00092,CO000843,9467893874489,InStore,<bound method Timestamp.date of Timestamp('2023-05-14 00:00:00')>,Active
CU000352,AC00522,CO000682,9877012810297,SalesRep,<bound method Timestamp.date of Timestamp('2022-03-04 00:00:00')>,Active
CU000353,AC00186,CO000723,9556507315618,InStore,<bound method Timestamp.date of Timestamp('2022-06-26 00:00:00')>,Suspended
CU000354,AC00407,CO000816,9967450582423,Online,<bound method Timestamp.date of Timestamp('2022-07-13 00:00:00')>,Active
CU000355,AC00315,CO000630,9225416159551,Online,<bound method Timestamp.date of Timestamp('2022-03-20 00:00:00')>,Active
CU000356,AC00047,CO000581,9506851442980,InStore,<bound method Timestamp.date of Timestamp('2025-11-23 00:00:00')>,Active
CU000357,AC00211,CO000089,9209044751954,Online,<bound method Timestamp.date of Timestamp('2025-07-19 00:00:00')>,Active
CU000358,AC00353,CO000973,9918617629837,InStore,<bound method Timestamp.date of Timestamp('2022-08-17 00:00:00')>,Active
CU000359,AC00196,CO000429,9916207967672,InStore,<bound method Timestamp.date of Timestamp('2024-06-16 00:00:00')>,Active
CU000360,AC00223,CO000002,9466533236254,InStore,<bound method Timestamp.date of Timestamp('2022-09-18 00:00:00')>,Active
CU000361,AC00134,CO000536,9575934488723,InStore,<bound method Timestamp.date of Timestamp('2023-02-03 00:00:00')>,Active
CU000362,AC00244,CO000636,9745524686915,SalesRep,<bound method Timestamp.date of Timestamp('2024-09-04 00:00:00')>,Active
CU000363,AC00064,CO000827,9325899524639,SalesRep,<bound method Timestamp.date of Timestamp('2022-08-12 00:00:00')>,Active
CU000364,AC00171,CO000217,9147509599888,InStore,<bound method Timestamp.date of Timestamp('2022-05-11 00:00:00')>,Active
CU000365,AC00512,CO000663,9334331779533,InStore,<bound method Timestamp.date of Timestamp('2023-10-08 00:00:00')>,Active
CU000366,AC00085,CO000718,9740820263175,InStore,<bound method Timestamp.date of Timestamp('2025-06-26 00:00:00')>,Active
CU000367,AC00498,CO000015,9550225486790,InStore,<bound method Timestamp.date of Timestamp('2022-09-26 00:00:00')>,Active
CU000368,AC00124,CO000774,9161515589040,InStore,<bound method Timestamp.date of Timestamp('2024-12-27 00:00:00')>,Active
CU000369,AC00347,CO000178,9425265493708,Online,<bound method Timestamp.date of Timestamp('2025-12-02 00:00:00')>,Active
CU000370,AC00547,CO000600,9453764480769,InStore,<bound method Timestamp.date of Timestamp('2025-05-25 00:00:00')>,Active
CU000371,AC00291,CO000174,9660969565179,Online,<bound method Timestamp.date of Timestamp('2022-12-21 00:00:00')>,Active
CU000372,AC00372,CO000462,9614047433061,InStore,<bound method Timestamp.date of Timestamp('2025-12-11 00:00:00')>,Active
CU000373,AC00264,CO000538,9783735414211,InStore,<bound method Timestamp.date of Timestamp('2023-07-02 00:00:00')>,Active
CU000374,AC00419,CO000067,9862488963885,Online,<bound method Timestamp.date of Timestamp('2025-08-13 00:00:00')>,Active
CU000375,AC00266,CO000445,9313648204290,InStore,<bound method Timestamp.date of Timestamp('2022-01-15 00:00:00')>,Suspended
CU000376,AC00099,CO000854,9183998779971,SalesRep,<bound method Timestamp.date of Timestamp('2025-06-10 00:00:00')>,Active
CU000377,AC00307,CO000373,9339068107741,Online,<bound method Timestamp.date of Timestamp('2025-12-17 00:00:00')>,Active
CU000378,AC00501,CO000372,9947616532057,SalesRep,<bound method Timestamp.date of Timestamp('2025-10-25 00:00:00')>,Active
CU000379,AC00375,CO000179,9405004046867,InStore,<bound method Timestamp.date of Timestamp('2023-02-06 00:00:00')>,Active
CU000380,AC00526,CO000761,9277330488801,InStore,<bound method Timestamp.date of Timestamp('2024-05-08 00:00:00')>,Active
CU000381,AC00046,CO000397,9561363666696,InStore,<bound method Timestamp.date of Timestamp('2022-12-04 00:00:00')>,Active
CU000382,AC00411,CO000290,9677493423373,InStore,<bound method Timestamp.date of Timestamp('2022-09-06 00:00:00')>,Active
CU000383,AC00098,CO000508,9406295435062,InStore,<bound method Timestamp.date of Timestamp('2025-09-28 00:00:00')>,Active
CU000384,AC00588,CO000874,9864440244769,SalesRep,<bound method Timestamp.date of Timestamp('2024-05-16 00:00:00')>,Active
CU000385,AC00277,CO000441,9783832368551,SalesRep,<bound method Timestamp.date of Timestamp('2025-12-17 00:00:00')>,Active
CU000386,AC00582,CO000553,9687027189028,Online,<bound method Timestamp.date of Timestamp('2025-01-26 00:00:00')>,Active
CU000387,AC00263,CO000375,9398316119104,InStore,<bound method Timestamp.date of Timestamp('2022-11-04 00:00:00')>,Active
CU000388,AC00534,CO000117,9945569078954,InStore,<bound method Timestamp.date of Timestamp('2022-08-19 00:00:00')>,Active
CU000389,AC00341,CO000443,9992469785490,SalesRep,<bound method Timestamp.date of Timestamp('2022-08-05 00:00:00')>,Active
CU000390,AC00448,CO000587,9461749084168,InStore,<bound method Timestamp.date of Timestamp('2023-09-02 00:00:00')>,Active
CU000391,AC00580,CO000794,9151124456025,Online,<bound method Timestamp.date of Timestamp('2022-08-13 00:00:00')>,Active
CU000392,AC00293,CO000322,9249425813112,InStore,<bound method Timestamp.date of Timestamp('2023-10-01 00:00:00')>,Active
CU000393,AC00339,CO000962,9594018092076,InStore,<bound method Timestamp.date of Timestamp('2025-03-03 00:00:00')>,Active
CU000394,AC00557,CO000030,9691131945522,Online,<bound method Timestamp.date of Timestamp('2025-02-20 00:00:00')>,Active
CU000395,AC00486,CO000406,9155296363231,SalesRep,<bound method Timestamp.date of Timestamp('2025-10-24 00:00:00')>,Active
CU000396,AC00577,CO000124,9186788679068,InStore,<bound method Timestamp.date of Timestamp('2025-08-23 00:00:00')>,Active
CU000397,AC00129,CO000806,9508820249751,InStore,<bound method Timestamp.date of Timestamp('2022-10-25 00:00:00')>,Active
CU000398,AC00269,CO000077,9182991873472,Online,<bound method Timestamp.date of Timestamp('2023-09-22 00:00:00')>,Active
CU000399,AC00151,CO000003,9559152356685,Online,<bound method Timestamp.date of Timestamp('2024-04-03 00:00:00')>,Active
CU000400,AC00552,CO000775,9868213222060,InStore,<bound method Timestamp.date of Timestamp('2022-12-18 00:00:00')>,Active
CU000401,AC00123,CO000760,9495042294112,SalesRep,<bound method Timestamp.date of Timestamp('2025-01-23 00:00:00')>,Active
CU000402,AC00328,CO000175,9594587357496,InStore,<bound method Timestamp.date of Timestamp('2024-07-28 00:00:00')>,Active
CU000403,AC00003,CO000483,9944243975329,SalesRep,<bound method Timestamp.date of Timestamp('2023-09-01 00:00:00')>,Active
CU000404,AC00117,CO000889,9202117809471,SalesRep,<bound method Timestamp.date of Timestamp('2025-12-15 00:00:00')>,Active
CU000405,AC00095,CO000156,9936873855640,Online,<bound method Timestamp.date of Timestamp('2023-05-05 00:00:00')>,Active
CU000406,AC00331,CO000968,9138799969707,InStore,<bound method Timestamp.date of Timestamp('2024-10-30 00:00:00')>,Active
CU000407,AC00252,CO000009,9199642231436,SalesRep,<bound method Timestamp.date of Timestamp('2024-07-17 00:00:00')>,Active
CU000408,AC00355,CO000373,9976393114336,Online,<bound method Timestamp.date of Timestamp('2023-01-18 00:00:00')>,Active
CU000409,AC00506,CO000915,9966908000456,InStore,<bound method Timestamp.date of Timestamp('2025-06-26 00:00:00')>,Active
CU000410,AC00157,CO000982,9450506859558,InStore,<bound method Timestamp.date of Timestamp('2022-05-14 00:00:00')>,Active
CU000411,AC00136,CO000891,9201073840654,InStore,<bound method Timestamp.date of Timestamp('2024-12-01 00:00:00')>,Active
CU000412,AC00218,CO000918,9102547934208,InStore,<bound method Timestamp.date of Timestamp('2024-08-06 00:00:00')>,Active
CU000413,AC00193,CO000923,9175850737030,SalesRep,<bound method Timestamp.date of Timestamp('2025-07-11 00:00:00')>,Active
CU000414,AC00369,CO000436,9553032227449,InStore,<bound method Timestamp.date of Timestamp('2024-01-17 00:00:00')>,Active
CU000415,AC00505,CO000979,9532282456333,Online,<bound method Timestamp.date of Timestamp('2024-12-09 00:00:00')>,Active
CU000416,AC00198,CO000224,9287309921705,Online,<bound method Timestamp.date of Timestamp('2024-02-25 00:00:00')>,Active
CU000417,AC00178,CO000279,9481874166561,Online,<bound method Timestamp.date of Timestamp('2023-03-22 00:00:00')>,Active
CU000418,AC00558,CO000902,9888872993346,SalesRep,<bound method Timestamp.date of Timestamp('2024-09-15 00:00:00')>,Active
CU000419,AC00495,CO000037,9747656029949,InStore,<bound method Timestamp.date of Timestamp('2024-10-26 00:00:00')>,Active
CU000420,AC00101,CO000433,9243721428263,Online,<bound method Timestamp.date of Timestamp('2024-09-28 00:00:00')>,Active
CU000421,AC00191,CO000241,9502651524594,InStore,<bound method Timestamp.date of Timestamp('2025-09-03 00:00:00')>,Active
CU000422,AC00287,CO000192,9609466449531,InStore,<bound method Timestamp.date of Timestamp('2024-05-13 00:00:00')>,Active
CU000423,AC00444,CO000244,9435350023746,InStore,<bound method Timestamp.date of Timestamp('2023-02-08 00:00:00')>,Active
CU000424,AC00067,CO000823,9444721368061,Online,<bound method Timestamp.date of Timestamp('2025-12-27 00:00:00')>,Active
CU000425,AC00302,CO000603,9523533927257,InStore,<bound method Timestamp.date of Timestamp('2025-11-30 00:00:00')>,Active
CU000426,AC00417,CO000403,9800582946769,Online,<bound method Timestamp.date of Timestamp('2022-09-29 00:00:00')>,Active
CU000427,AC00204,CO000872,9661416774520,SalesRep,<bound method Timestamp.date of Timestamp('2022-08-25 00:00:00')>,Active
CU000428,AC00126,CO000933,9413736977694,Online,<bound method Timestamp.date of Timestamp('2023-09-03 00:00:00')>,Active
CU000429,AC00360,CO000664,9170637633381,InStore,<bound method Timestamp.date of Timestamp('2024-10-26 00:00:00')>,Active
CU000430,AC00450,CO000572,9385905479291,InStore,<bound method Timestamp.date of Timestamp('2025-03-26 00:00:00')>,Active
CU000431,AC00348,CO000166,9897087163820,SalesRep,<bound method Timestamp.date of Timestamp('2024-03-01 00:00:00')>,Active
CU000432,AC00468,CO000341,9187038200301,SalesRep,<bound method Timestamp.date of Timestamp('2022-04-01 00:00:00')>,Active
CU000433,AC00389,CO000179,9599835798495,SalesRep,<bound method Timestamp.date of Timestamp('2022-09-09 00:00:00')>,Active
CU000434,AC00573,CO000928,9433755482602,Online,<bound method Timestamp.date of Timestamp('2022-04-02 00:00:00')>,Active
CU000435,AC00255,CO000980,9685399954438,InStore,<bound method Timestamp.date of Timestamp('2025-11-16 00:00:00')>,Active
CU000436,AC00270,CO000126,9157718794901,Online,<bound method Timestamp.date of Timestamp('2023-04-25 00:00:00')>,Active
CU000437,AC00567,CO000422,9145751680097,InStore,<bound method Timestamp.date of Timestamp('2025-03-25 00:00:00')>,Active
CU000438,AC00373,CO000172,9903310253779,Online,<bound method Timestamp.date of Timestamp('2023-05-14 00:00:00')>,Active
CU000439,AC00213,CO000379,9933601130094,InStore,<bound method Timestamp.date of Timestamp('2024-10-13 00:00:00')>,Active
CU000440,AC00427,CO000628,9253553612321,InStore,<bound method Timestamp.date of Timestamp('2022-09-14 00:00:00')>,Active
CU000441,AC00426,CO000566,9159114030774,InStore,<bound method Timestamp.date of Timestamp('2023-01-24 00:00:00')>,Active
CU000442,AC00540,CO000613,9870401174793,SalesRep,<bound method Timestamp.date of Timestamp('2023-01-24 00:00:00')>,Active
CU000443,AC00015,CO000755,9519278599456,InStore,<bound method Timestamp.date of Timestamp('2024-06-18 00:00:00')>,Active
CU000444,AC00048,CO000316,9280255214494,InStore,<bound method Timestamp.date of Timestamp('2025-03-06 00:00:00')>,Active
CU000445,AC00222,CO000762,9819994452354,InStore,<bound method Timestamp.date of Timestamp('2024-01-26 00:00:00')>,Active
CU000446,AC00497,CO000601,9633878115517,InStore,<bound method Timestamp.date of Timestamp('2025-10-13 00:00:00')>,Active
CU000447,AC00388,CO000819,9435560291353,SalesRep,<bound method Timestamp.date of Timestamp('2025-06-11 00:00:00')>,Active
CU000448,AC00118,CO000092,9566768177033,InStore,<bound method Timestamp.date of Timestamp('2025-07-25 00:00:00')>,Active
CU000449,AC00420,CO000770,9664028078812,InStore,<bound method Timestamp.date of Timestamp('2022-01-11 00:00:00')>,Active
CU000450,AC00150,CO000948,9288217034759,InStore,<bound method Timestamp.date of Timestamp('2023-07-02 00:00:00')>,Active
CU000451,AC00306,CO000728,9325641336805,InStore,<bound method Timestamp.date of Timestamp('2024-08-14 00:00:00')>,Active
CU000452,AC00350,CO000822,9417025793391,SalesRep,<bound method Timestamp.date of Timestamp('2025-08-29 00:00:00')>,Active
CU000453,AC00205,CO000677,9738674657091,SalesRep,<bound method Timestamp.date of Timestamp('2023-10-08 00:00:00')>,Active
CU000454,AC00346,CO000959,9942087176641,InStore,<bound method Timestamp.date of Timestamp('2024-02-13 00:00:00')>,Active
CU000455,AC00479,CO000853,9528383820701,SalesRep,<bound method Timestamp.date of Timestamp('2023-04-25 00:00:00')>,Active
CU000456,AC00049,CO000799,9753320379440,InStore,<bound method Timestamp.date of Timestamp('2022-12-14 00:00:00')>,Active
CU000457,AC00109,CO000602,9828860052412,InStore,<bound method Timestamp.date of Timestamp('2023-05-24 00:00:00')>,Active
CU000458,AC00515,CO000374,9655635389799,InStore,<bound method Timestamp.date of Timestamp('2024-06-20 00:00:00')>,Active
CU000459,AC00431,CO000767,9191691252036,SalesRep,<bound method Timestamp.date of Timestamp('2024-07-20 00:00:00')>,Active
CU000460,AC00542,CO000726,9431641750462,SalesRep,<bound method Timestamp.date of Timestamp('2024-01-15 00:00:00')>,Active
CU000461,AC00173,CO000130,9974933126003,InStore,<bound method Timestamp.date of Timestamp('2025-02-26 00:00:00')>,Active
CU000462,AC00325,CO000190,9869106340230,InStore,<bound method Timestamp.date of Timestamp('2023-10-22 00:00:00')>,Active
CU000463,AC00065,CO000999,9633648765808,Online,<bound method Timestamp.date of Timestamp('2025-10-27 00:00:00')>,Active
CU000464,AC00489,CO000739,9198274993320,SalesRep,<bound method Timestamp.date of Timestamp('2023-03-06 00:00:00')>,Active
CU000465,AC00282,CO000430,9667899098201,InStore,<bound method Timestamp.date of Timestamp('2023-03-07 00:00:00')>,Active
CU000466,AC00153,CO000209,9949623134943,InStore,<bound method Timestamp.date of Timestamp('2022-09-16 00:00:00')>,Active
CU000467,AC00335,CO000531,9259785930022,Online,<bound method Timestamp.date of Timestamp('2023-06-17 00:00:00')>,Active
CU000468,AC00112,CO000161,9126367656039,InStore,<bound method Timestamp.date of Timestamp('2022-03-25 00:00:00')>,Active
CU000469,AC00008,CO000665,9701446781563,SalesRep,<bound method Timestamp.date of Timestamp('2025-11-25 00:00:00')>,Active
CU000470,AC00144,CO000383,9829792784969,Online,<bound method Timestamp.date of Timestamp('2022-10-23 00:00:00')>,Active
CU000471,AC00265,CO000398,9695370469115,InStore,<bound method Timestamp.date of Timestamp('2022-05-04 00:00:00')>,Active
CU000472,AC00058,CO000088,9867484261352,InStore,<bound method Timestamp.date of Timestamp('2022-06-03 00:00:00')>,Active
CU000473,AC00225,CO000981,9686189692349,InStore,<bound method Timestamp.date of Timestamp('2025-09-26 00:00:00')>,Active
CU000474,AC00359,CO000228,9217651529245,InStore,<bound method Timestamp.date of Timestamp('2024-05-05 00:00:00')>,Active
CU000475,AC00116,CO000458,9316785495001,SalesRep,<bound method Timestamp.date of Timestamp('2024-01-03 00:00:00')>,Active
CU000476,AC00027,CO000351,9764015979304,Online,<bound method Timestamp.date of Timestamp('2022-01-03 00:00:00')>,Active
CU000477,AC00250,CO000260,9585776068783,InStore,<bound method Timestamp.date of Timestamp('2024-03-10 00:00:00')>,Active
CU000478,AC00482,CO000851,9481720393220,InStore,<bound method Timestamp.date of Timestamp('2022-06-18 00:00:00')>,Active
CU000479,AC00227,CO000283,9163697919120,SalesRep,<bound method Timestamp.date of Timestamp('2025-01-15 00:00:00')>,Active
CU000480,AC00311,CO000708,9646051797993,InStore,<bound method Timestamp.date of Timestamp('2024-02-15 00:00:00')>,Active
CU000481,AC00197,CO000897,9813282109189,Online,<bound method Timestamp.date of Timestamp('2025-05-15 00:00:00')>,Active
CU000482,AC00509,CO000565,9469428462227,InStore,<bound method Timestamp.date of Timestamp('2024-03-09 00:00:00')>,Active
CU000483,AC00475,CO000205,9139599438367,SalesRep,<bound method Timestamp.date of Timestamp('2023-07-11 00:00:00')>,Active
CU000484,AC00154,CO000070,9741279027761,InStore,<bound method Timestamp.date of Timestamp('2022-05-18 00:00:00')>,Active
CU000485,AC00472,CO000425,9688933300687,InStore,<bound method Timestamp.date of Timestamp('2025-07-28 00:00:00')>,Active
CU000486,AC00337,CO000079,9505302529041,Online,<bound method Timestamp.date of Timestamp('2022-09-17 00:00:00')>,Suspended
CU000487,AC00517,CO000838,9803846673614,Online,<bound method Timestamp.date of Timestamp('2024-07-08 00:00:00')>,Active
CU000488,AC00160,CO000720,9189102804107,Online,<bound method Timestamp.date of Timestamp('2024-12-22 00:00:00')>,Active
CU000489,AC00248,CO000352,9899507547387,SalesRep,<bound method Timestamp.date of Timestamp('2024-12-13 00:00:00')>,Active
CU000490,AC00120,CO000157,9658931387579,InStore,<bound method Timestamp.date of Timestamp('2025-06-10 00:00:00')>,Active
CU000491,AC00356,CO000407,9527489202445,Online,<bound method Timestamp.date of Timestamp('2023-03-16 00:00:00')>,Suspended
CU000492,AC00545,CO000052,9707892343132,InStore,<bound method Timestamp.date of Timestamp('2023-10-18 00:00:00')>,Active
CU000493,AC00415,CO000361,9665636678066,InStore,<bound method Timestamp.date of Timestamp('2023-09-05 00:00:00')>,Active
CU000494,AC00190,CO000383,9911609259926,InStore,<bound method Timestamp.date of Timestamp('2023-08-25 00:00:00')>,Active
CU000495,AC00345,CO000717,9860301911330,InStore,<bound method Timestamp.date of Timestamp('2022-01-27 00:00:00')>,Active
CU000496,AC00591,CO000650,9569963594229,InStore,<bound method Timestamp.date of Timestamp('2025-01-30 00:00:00')>,Active
CU000497,AC00455,CO000378,9473531411216,SalesRep,<bound method Timestamp.date of Timestamp('2024-10-15 00:00:00')>,Active
CU000498,AC00319,CO000855,9587347426634,InStore,<bound method Timestamp.date of Timestamp('2024-02-27 00:00:00')>,Active
CU000499,AC00202,CO000140,9907549419977,InStore,<bound method Timestamp.date of Timestamp('2022-10-16 00:00:00')>,Active
CU000500,AC00289,CO000956,9398967171072,InStore,<bound method Timestamp.date of Timestamp('2023-09-30 00:00:00')>,Active
CU000501,AC00405,CO000090,9904237855561,InStore,<bound method Timestamp.date of Timestamp('2024-03-22 00:00:00')>,Active
CU000502,AC00209,CO000670,9697765903563,SalesRep,<bound method Timestamp.date of Timestamp('2022-03-18 00:00:00')>,Active
CU000503,AC00510,CO000273,9615809949135,InStore,<bound method Timestamp.date of Timestamp('2025-06-22 00:00:00')>,Active
CU000504,AC00290,CO000212,9998770019985,InStore,<bound method Timestamp.date of Timestamp('2025-05-25 00:00:00')>,Active
CU000505,AC00460,CO000643,9906376501831,InStore,<bound method Timestamp.date of Timestamp('2023-05-02 00:00:00')>,Active
CU000506,AC00245,CO000688,9943108565852,InStore,<bound method Timestamp.date of Timestamp('2022-01-02 00:00:00')>,Active
CU000507,AC00594,CO000919,9271236100260,SalesRep,<bound method Timestamp.date of Timestamp('2025-04-14 00:00:00')>,Active
CU000508,AC00401,CO000326,9265080103002,InStore,<bound method Timestamp.date of Timestamp('2024-05-12 00:00:00')>,Active
CU000509,AC00030,CO000680,9204465079499,Online,<bound method Timestamp.date of Timestamp('2023-10-27 00:00:00')>,Active
CU000510,AC00352,CO000354,9556343230995,InStore,<bound method Timestamp.date of Timestamp('2025-09-08 00:00:00')>,Active
CU000511,AC00418,CO000090,9129862692192,SalesRep,<bound method Timestamp.date of Timestamp('2023-04-21 00:00:00')>,Active
CU000512,AC00137,CO000428,9343165459005,Online,<bound method Timestamp.date of Timestamp('2022-10-10 00:00:00')>,Active
CU000513,AC00247,CO000295,9191272595889,InStore,<bound method Timestamp.date of Timestamp('2023-12-22 00:00:00')>,Active
CU000514,AC00400,CO000476,9495250278982,InStore,<bound method Timestamp.date of Timestamp('2022-08-14 00:00:00')>,Active
CU000515,AC00258,CO000123,9937519399466,InStore,<bound method Timestamp.date of Timestamp('2023-10-17 00:00:00')>,Active
CU000516,AC00119,CO000455,9225065097819,SalesRep,<bound method Timestamp.date of Timestamp('2024-07-11 00:00:00')>,Active
CU000517,AC00152,CO000082,9887282647580,Online,<bound method Timestamp.date of Timestamp('2025-03-09 00:00:00')>,Active
CU000518,AC00466,CO000100,9687219155929,InStore,<bound method Timestamp.date of Timestamp('2023-09-22 00:00:00')>,Active
CU000519,AC00042,CO000277,9229388255869,Online,<bound method Timestamp.date of Timestamp('2024-07-15 00:00:00')>,Active
CU000520,AC00559,CO000657,9669045783054,SalesRep,<bound method Timestamp.date of Timestamp('2024-05-17 00:00:00')>,Active
CU000521,AC00490,CO000984,9204855005115,InStore,<bound method Timestamp.date of Timestamp('2023-07-22 00:00:00')>,Active
CU000522,AC00052,CO000185,9661470831525,SalesRep,<bound method Timestamp.date of Timestamp('2022-06-14 00:00:00')>,Active
CU000523,AC00298,CO000074,9824383889064,InStore,<bound method Timestamp.date of Timestamp('2025-02-06 00:00:00')>,Active
CU000524,AC00583,CO000386,9751111406001,SalesRep,<bound method Timestamp.date of Timestamp('2022-02-15 00:00:00')>,Active
CU000525,AC00553,CO000032,9362949385276,InStore,<bound method Timestamp.date of Timestamp('2023-06-24 00:00:00')>,Active
CU000526,AC00221,CO000930,9521034236045,InStore,<bound method Timestamp.date of Timestamp('2024-12-13 00:00:00')>,Active
CU000527,AC00516,CO000096,9575075874472,InStore,<bound method Timestamp.date of Timestamp('2023-02-05 00:00:00')>,Active
CU000528,AC00416,CO000098,9150149160603,InStore,<bound method Timestamp.date of Timestamp('2024-09-17 00:00:00')>,Active
CU000529,AC00310,CO000768,9682334507137,SalesRep,<bound method Timestamp.date of Timestamp('2024-02-07 00:00:00')>,Active
CU000530,AC00208,CO000152,9105646263457,InStore,<bound method Timestamp.date of Timestamp('2025-04-29 00:00:00')>,Suspended
CU000531,AC00238,CO000167,9927596131319,SalesRep,<bound method Timestamp.date of Timestamp('2023-08-11 00:00:00')>,Active
CU000532,AC00491,CO000888,9444155379268,InStore,<bound method Timestamp.date of Timestamp('2024-01-13 00:00:00')>,Active
CU000533,AC00082,CO000452,9612234924321,Online,<bound method Timestamp.date of Timestamp('2024-12-18 00:00:00')>,Active
CU000534,AC00313,CO000668,9323804285649,InStore,<bound method Timestamp.date of Timestamp('2023-04-19 00:00:00')>,Active
CU000535,AC00368,CO000036,9429017177604,InStore,<bound method Timestamp.date of Timestamp('2024-01-25 00:00:00')>,Active
CU000536,AC00404,CO000924,9411649437627,Online,<bound method Timestamp.date of Timestamp('2022-02-21 00:00:00')>,Active
CU000537,AC00021,CO000541,9329854081231,InStore,<bound method Timestamp.date of Timestamp('2022-08-12 00:00:00')>,Active
CU000538,AC00278,CO000405,9548085509029,InStore,<bound method Timestamp.date of Timestamp('2025-03-22 00:00:00')>,Active
CU000539,AC00057,CO000798,9186410056368,SalesRep,<bound method Timestamp.date of Timestamp('2023-05-10 00:00:00')>,Active
CU000540,AC00409,CO000850,9908597851286,SalesRep,<bound method Timestamp.date of Timestamp('2023-12-23 00:00:00')>,Active
CU000541,AC00184,CO000653,9898439163170,InStore,<bound method Timestamp.date of Timestamp('2022-01-09 00:00:00')>,Active
CU000542,AC00128,CO000147,9196403082226,InStore,<bound method Timestamp.date of Timestamp('2022-01-30 00:00:00')>,Active
CU000543,AC00294,CO000388,9378868017708,Online,<bound method Timestamp.date of Timestamp('2024-05-08 00:00:00')>,Active
CU000544,AC00087,CO000357,9408889441530,InStore,<bound method Timestamp.date of Timestamp('2022-10-23 00:00:00')>,Active
CU000545,AC00370,CO000296,9630485451451,Online,<bound method Timestamp.date of Timestamp('2022-06-04 00:00:00')>,Active
CU000546,AC00206,CO000133,9743636681500,InStore,<bound method Timestamp.date of Timestamp('2023-05-31 00:00:00')>,Active
CU000547,AC00185,CO000724,9532829767567,InStore,<bound method Timestamp.date of Timestamp('2025-07-11 00:00:00')>,Active
CU000548,AC00563,CO000717,9632358856456,InStore,<bound method Timestamp.date of Timestamp('2022-09-06 00:00:00')>,Active
CU000549,AC00569,CO000252,9479913389674,InStore,<bound method Timestamp.date of Timestamp('2025-11-22 00:00:00')>,Active
CU000550,AC00028,CO000467,9338041058052,InStore,<bound method Timestamp.date of Timestamp('2023-10-31 00:00:00')>,Active
CU000551,AC00379,CO000073,9669317344231,InStore,<bound method Timestamp.date of Timestamp('2023-04-01 00:00:00')>,Active
CU000552,AC00565,CO000578,9276343539016,SalesRep,<bound method Timestamp.date of Timestamp('2022-09-22 00:00:00')>,Active
CU000553,AC00382,CO000168,9268511031978,InStore,<bound method Timestamp.date of Timestamp('2025-09-19 00:00:00')>,Active
CU000554,AC00434,CO000972,9886729607970,InStore,<bound method Timestamp.date of Timestamp('2024-02-21 00:00:00')>,Active
CU000555,AC00378,CO000989,9725145091627,InStore,<bound method Timestamp.date of Timestamp('2022-04-29 00:00:00')>,Active
CU000556,AC00039,CO000529,9201252946306,InStore,<bound method Timestamp.date of Timestamp('2023-06-16 00:00:00')>,Active
CU000557,AC00430,CO000905,9234553169732,Online,<bound method Timestamp.date of Timestamp('2024-04-02 00:00:00')>,Active
CU000558,AC00241,CO000150,9616487600342,Online,<bound method Timestamp.date of Timestamp('2025-03-10 00:00:00')>,Active
CU000559,AC00059,CO000535,9959267266614,SalesRep,<bound method Timestamp.date of Timestamp('2025-08-14 00:00:00')>,Active
CU000560,AC00240,CO000434,9594713162608,SalesRep,<bound method Timestamp.date of Timestamp('2024-03-03 00:00:00')>,Active
